address,normal_first_txn_dt,normal_total_transactions,normal_total_count_out,normal_total_count_in,normal_total_sum_out,normal_mean_amt_out,normal_min_amt_out,normal_max_amt_out,normal_total_sum_in,normal_mean_amt_in,normal_min_amt_in,normal_max_amt_in,normal_age_acct_seconds,erc-20-tokens_first_txn_dt,erc-20-tokens_total_transactions,erc-20-tokens_total_count_out,erc-20-tokens_total_count_in,erc-20-tokens_total_sum_out,erc-20-tokens_mean_amt_out,erc-20-tokens_min_amt_out,erc-20-tokens_max_amt_out,erc-20-tokens_total_sum_in,erc-20-tokens_mean_amt_in,erc-20-tokens_min_amt_in,erc-20-tokens_max_amt_in,erc-20-tokens_age_acct_seconds,erc-20-tokens_count_usdt,erc-20-tokens_count_usdc,erc-20-tokens_count_other,erc-20-tokens_sum_usdt,erc-20-tokens_sum_usdc,erc-20-tokens_sum_other,erc-20-tokens_min_usdt,erc-20-tokens_min_usdc,erc-20-tokens_min_other,erc-20-tokens_max_usdt,erc-20-tokens_max_usdc,erc-20-tokens_max_other,erc-20-tokens_mean_usdt,erc-20-tokens_mean_usdc,erc-20-tokens_mean_other,internal_first_txn_dt,internal_total_transactions,internal_total_count_out,internal_total_count_in,internal_total_sum_out,internal_mean_amt_out,internal_min_amt_out,internal_max_amt_out,internal_total_sum_in,internal_mean_amt_in,internal_min_amt_in,internal_max_amt_in,internal_age_acct_seconds
0xB5359336b305C8db8a89524f115528cF7aD89eA2,2026-04-23 18:07:23,50,42,8,2.194868,0.052258761904761905,0.0,0.617434,1.2759737368118962,0.15949671710148702,1e-09,0.6172524164059481,3701256.0,2026-04-24 14:43:47,118,68,50,30730.798637,451.92350936764706,0.0,1678.86,16549.11374,330.9822748,15.614199,1678.86,3739596.0,1,88,0.0,37.09,31996.429043,0.0,37.09,0.0,0.0,37.09,1678.86,0.0,37.09,363.59578457954547,0.0,2026-04-28 11:50:47,4,0,4,0.0,,,,0.9512497999999999,0.23781244999999998,0.01013864,0.46548626,1452.0
0x7174d846b27fd468853303895aBb8dbE95E44808,2026-01-31 02:30:35,175,115,61,5.273956629902724,0.04586049243393673,0.0,1.1396,5.001712586915311,0.08199528831008707,0.0,1.1396099309777972,7740420.0,2026-01-31 02:24:35,583,382,201,1091087.354191,2856.2496183010476,0.0,29989.8791,5481193461329.458,27269619210.59432,2.9e-05,1000000000000.0,7965132.0,379,60,10,675439.939252,354096.170942,5000000020100.0,0.0,0.000104,5000000010100.0,29987.912637,29989.879103,5000000010100.0,1782.1634281055408,5901.602849033333,5000000010100.0,2026-03-09 21:36:23,22,0,22,0.0,,,,2.8447001120000004,0.12930455054545456,1e-09,0.5,1288536.0
0x0A76D0C88683Dc3AcFEb4DEdF47064a9B44e8699,2024-08-26 17:22:23,56,44,12,7.784633023892367,0.1769234778157356,0.0,1.4797,7.849575047977366,0.6541312539981138,9.8e-05,1.4797613871560593,3009924.0,2024-08-26 17:23:47,99,45,54,3.3757767403113875e+17,7501726089580861.0,20.0,2.7926379438e+16,138858.34917299997,2571.4509106111104,0.012792,26090.0,3009792.0,80,0,9,277716.67890799994,0,2.40515785504e+17,0.012792,0,1.710475e+16,27926.379438,0,2.7926379438e+16,3471.4584863499995,0,2.672397616711111e+16,,0.0,0.0,0.0,0.0,,,,0.0,,,,0.0
0x641C0882b0De34308db18310DC080B736A673bA1,2026-03-07 01:31:47,8,4,4,0.0,0.0,0.0,0.0,0.00022960633708844397,5.7401584272110993e-05,5.2334794846e-05,6.2468373698222e-05,2372652.0,2026-03-07 00:28:23,22,18,4,116777.80153199998,6487.655640666666,0.0,29138.256648,58388.900766,14597.2251915,56.193735,29138.256648,2401212.0,10,8,0.0,116553.026592,224.77494,0.0,0.0,0.0,0.0,29138.256648,56.193735,0.0,11655.302659199999,28.0968675,0.0,,0.0,0.0,0.0,0.0,,,,0.0,,,,0.0
0x30a5cbe88A7fE348fc2902e98C38bba36fA614D7,2026-01-08 19:53:11,63,30,33,0.008655407762074676,0.00028851359206915586,0.0,0.008655407762074676,0.017722987889719884,0.0005370602390824208,1e-09,0.008859855443570716,9664956.0,2026-01-09 01:46:11,170,101,69,9057931916847964.0,89682494226217.47,0.0,9057931916000000.0,5000000310639.955,72463772617.97037,0.000149,1000000000000.0,9869664.0,96,41,13,509684.74934199994,300680.577741,9062931916082710.0,0.0,0.0,9061931916014110.0,22642.33988,22643.879324,9061931916027694.0,5309.216138979166,7333.672627829268,9061931916023216.0,,0.0,0.0,0.0,0.0,,,,0.0,,,,0.0
0x02f03E4AEfc35dF901AC734DEC9e028A708A4Ad9,2025-01-11 12:26:35,146,94,52,175.13569843680082,1.8631457280510726,0.0,21.5086,175.22674594248454,3.369745114278549,0.0,21.508674249484628,6754416.0,2025-01-11 13:05:59,2025,1893,132,4.2727876081223214e+18,2257151404185061.5,0.0,1.747729e+17,1.3546000001788558e+16,102621212134761.8,0.000172,1.3546e+16,5082300.0,195,0,1545,3678609.089645,0,2.6026025881973053e+18,0.0,0,40972000055990.125,183971.488014,0,9.480812000042942e+16,18864.661998179487,0,6.506702570260288e+16,,0.0,0.0,0.0,0.0,,,,0.0,,,,0.0
0xd4AA54A29e359fBe037d8490bF37F2A23256A866,2026-02-11 17:41:23,46,10,36,96.8296,9.68296,0.1074,22.2,96.61661686197274,2.6837949128325764,1e-09,48.30830515348866,1053588.0,2026-02-11 17:41:59,30,24,6,304614800000000.0,12692283333333.334,107400000000.0,22200000000000.0,108616610307177.31,18102768384529.55,100.0,48308305153488.66,4016688.0,0,0,12,0,0,116000000000200.0,0,0,19000000000100.0,0,0,19000000000100.0,0,0,19000000000100.0,,0.0,0.0,0.0,0.0,,,,0.0,,,,0.0
0x6f92dE21f6E34b1bcAAD7A33dE5B3a5e370eEf11,2026-03-26 03:00:11,4,4,0,0.09267262287254599,0.023168155718136497,0.022010549571207,0.024325761865066,0.0,,,,682320.0,2026-04-03 21:54:47,2,0,2,0.0,,,,200.0,100.0,100.0,100.0,0.0,0,0,2,0,0,200.0,0,0,100.0,0,0,100.0,0,0,100.0,2026-03-26 02:47:11,4,0,4,0.0,,,,0.09267854,0.023169635,0.02201127,0.024328,682368.0
0xddbd2b932c763ba5b1b7ae3b362eac3e8d40121a,2015-08-07 11:45:53,183,56,127,208515.624,3723.493285714286,0.0,10600.0,169109.58116682386,1331.5715052505816,0.0,84512.559,339452106.0,2017-09-07 11:42:39,123,39,84,4.9675000000004e+16,1273717948718051.2,1000.0,5000000000000000.0,3.167306889130015e+22,3.770603439440494e+20,0.0005,3.1572056184920564e+22,274106696.0,2,0,101,0.02,0,3.1673080638179157e+22,0.01,0,3.167301145643885e+22,0.01,0,3.1673014455440985e+22,0.01,0,3.1673013265427094e+22,2016-07-27 03:36:03,12,0,12,0,,,,81214.0,6767.833333333333,7.0,10600.0,34304.0
0x6a7b8d6032640e37c1db7b44378fa7bc063002f9,2025-03-09 09:21:59,310,126,184,204.97442794000003,1.6267811741269844,0.0,9.739,216.36504079340307,1.1758969608337124,0.0,8.71268,33526884.0,2025-04-18 16:02:11,631,435,196,9.010345819274605e+17,2071343866499909.2,0.0,2.9483e+16,1.4112816823610982e+17,720041674674029.8,1e-05,3e+16,30450564.0,304,0,234,7.90000000000866e+17,0,2.520772228645153e+17,0.0,0,5.282522762879524e+16,2e+16,0,6.38154843938251e+16,2598684210529164.5,0,5.839334302760002e+16,,0.0,0.0,0.0,0.0,,,,0.0,,,,0.0
0xebDd09fb0786249F160d72101b8802A191b9899D,2025-10-02 18:06:35,48,12,36,11.364662544850024,0.9470552120708353,0.0,3.574432272425012,7.393146217837682,0.20536517271771337,5.31e-16,1.61303,2584368.0,2025-10-03 12:40:47,52,28,24,21552870020668.566,769745357881.0203,0.0,3574432272425.012,30000000104029.64,1250000004334.5684,0.00047,5000000000000.0,2527068.0,36,0,16,396118.50784900005,0,51552869728579.695,0.0,0,18627570319439.824,47014.811542,0,22148864591864.836,11003.291884694445,0,20975099834389.832,2025-10-01 21:33:47,14,0,14,0.0,,,,3.9716956199999998,0.2836925442857143,0.03047875,0.80500059,1036260.0
0x594F34f1DF5bAEe31b1Cf6B1574C8957891FcF42,2025-04-25 21:28:47,44,30,14,2.672219068588342,0.08907396895294473,0.0,0.340423526661392,2.4039653434996118,0.17171181024997226,0.002,0.340433560265924,35207880.0,2026-03-08 23:02:23,30,24,6,4258637605518.504,177443233563.271,485.00575,340423526661.392,970.0212,161.6702,0.00485,400.01,7817496.0,8,0,0.0,1940.0327,0,0.0,0.00485,0,0.0,485.00575,0,0.0,242.5040875,0,0.0,2025-07-20 07:55:59,6,0,6,0.0,,,,0.26975921999999997,0.04495986999999999,0.01422773,0.06843474,26485620.0
0x55F9e98e2fc079F8FAbe2109eA539E2B578aD794,2024-09-30 13:27:47,55,38,17,44.20256766235562,1.163225464798832,0.0,11.9981,44.24398134506598,2.602587137945058,0.0041,11.998101665080577,19883892.0,2024-10-03 09:15:11,77,36,41,8.061199810026205e+16,2239222169451723.5,0.0,4e+16,262912.98049899994,6412.511719487803,100.0,27894.64,46959852.0,64,0,10,524299.1391980001,0,6.06000000000007e+16,0.0,0,200000000000300.0,40000.0,0,4.00000000000003e+16,8192.174049968751,0,1.01000000000003e+16,,0.0,0.0,0.0,0.0,,,,0.0,,,,0.0
0x2f79Da69a86C8Aca382A5BE469B220e6BED2d0cC,2026-01-20 22:35:35,1203,103,1100,48.44817491787048,0.4703706302705872,0.0,9.0,58.43823345135203,0.053125666773956394,0.0,4.037893734321255,11898828.0,2026-01-26 19:20:59,526,287,239,1.4194794605741104e+16,49459214654150.19,0.0,8131950724000000.0,1.010794018529335e+16,42292636758549.58,8e-06,1e+16,11418084.0,66,192,21,24080.64343,155460.39226,2.42139507241895e+16,0.0,0.0,1.60670000001895e+16,4500.0,13000.0,1.81989507241895e+16,364.8582337878788,809.6895430208333,1.71329753621895e+16,2026-02-05 18:34:23,46,0,46,0.0,,,,0.5420467648917344,0.011783625323733357,1e-14,0.27101865744585707,6019272.0
0xf4e1E9e6f7f725430b8e30cA3E5722f9efb6c145,2026-05-01 19:36:23,24,10,14,6.5499364745862145,0.6549936474586214,0.075,1.146117894825328,6.550768775597026,0.4679120553997876,1e-09,1.14630037,707448.0,2026-05-01 23:18:11,8,6,2,5061144220119.458,843524036686.5763,801500000000.0,927572110059.729,1602670191597.0261,801335095798.5131,801335095798.5131,801335095798.5131,341280.0,0,0,0.0,0,0,0.0,0,0,0.0,0,0,0.0,0,0,0.0,,0.0,0.0,0.0,0.0,,,,0.0,,,,0.0
0x34A9f86A1DA9e53F6De096C4DBed51e00Ad6E2D4,2026-02-19 19:05:35,71,5,66,0.0,0.0,0.0,0.0,53.94243226616522,0.8173095797903821,0.0,6.02417029,2399412.0,2026-02-19 14:33:47,243,98,145,53090792.36186101,541742.7792026633,0.0,51349729.409,59830399953708.55,412623447956.61066,0.0001,10000000000000.0,7381668.0,132,33,17,52408423.46199401,114944.80749600001,57000000000110.0,0.0,0.0,49000000000110.0,51349729.409,4997.6,49000000000110.0,397033.51107571216,3483.175984727273,49000000000110.0,2026-02-21 20:51:59,20,0,20,0.0,,,,29.241857693581824,1.4620928846790913,0.01121348,6.84015971,3786120.0
0xFF88a24A1A79672F1132F69d9c0Eb879B44DC3D2,2026-05-13 18:01:11,10,6,4,357.087758,59.51462633333333,28.430944,84.070968,188.94588130721553,47.23647032680388,28.43095481,66.04198584360776,423696.0,,0,0,0,0,,,,0,,,,0,0,0,0.0,0,0,0.0,0,0,0.0,0,0,0.0,0,0,0.0,2026-05-12 05:11:59,2,0,2,0,,,,168.14198317336403,84.07099158668201,84.07099158668201,84.07099158668201,0.0
0x89e231835e1c200c4acabc798c1fee14192db99e,2026-04-07 14:36:35,32,14,18,0.0,0.0,0.0,0.0,0.0012801039999999998,7.111688888888887e-05,1e-09,0.000240016,3250740.0,2026-04-06 17:37:47,51,31,20,68922.837648,2223.317343483871,0.0,7643.954888,33901.979812000005,1695.0989906000002,27.804755,7643.954888,3297120.0,42,0,0.0,67803.959624,0,0.0,0.0,0,0.0,7643.954888,0,0.0,1614.379991047619,0,0.0,,0.0,0.0,0.0,0.0,,,,0.0,,,,0.0
0x5bC040Dc777b031a7ee4CCCc851009998DEff40f,2026-03-03 00:08:11,147,13,134,296.3354960080734,22.795038154467186,1.4459102974828038,51.187886812381365,3.982e-06,2.9716417910447763e-08,1e-09,2.4e-06,2742684.0,2026-03-03 00:09:11,56,52,4,1269807224244539.2,24419369697010.37,1445910297482.8037,51187886812381.37,200.002,50.0005,0.001,100.0,2743932.0,0,0,24,0,0,490145554012091.75,0,0,36313359268968.7,0,0,87501246081350.06,0,0,57189301042676.42,2026-03-02 22:51:59,32,0,32,0,,,,360.76447291399984,11.273889778562495,1e-09,47.66238336,2746848.0
0xa7527105be99b02fe8FC164FaD3eD7a7f9A23eD8,2026-04-30 12:54:23,6,4,2,0.0,0.0,0.0,0.0,0.002444,0.001222,0.001222,0.001222,719568.0,2026-04-30 12:52:11,22,18,4,93478.30956799998,5193.239420444444,0.0,14989.857084,38359.434475999995,9589.858618999999,4189.860154,14989.857084,725880.0,0,14,0.0,0,76718.86895199999,0.0,0,0.0,0.0,0,14989.857084,0.0,0,5479.919210857142,0.0,,0.0,0.0,0.0,0.0,,,,0.0,,,,0.0
0x51019fcf3b30c30a3559fcd62414c77e077bbcee,2026-04-16 11:22:23,12,6,6,0.0001954015382,3.256692303333333e-05,0.0,9.77007691e-05,0.000640048,0.00010667466666666667,8.0008e-05,0.000160008,444492.0,2026-04-16 01:04:11,10,4,6,3252.0,813.0,527.0,1099.0,4306.0,717.6666666666666,527.0,1099.0,481584.0,10,0,0.0,7558.0,0,0.0,527.0,0,0.0,1099.0,0,0.0,755.8,0,0.0,,0.0,0.0,0.0,0.0,,,,0.0,,,,0.0
0x006429E379d4F7Ba59C1Cf751d720D349313cef1,2022-10-16 12:23:11,138,133,5,0.16521819138928273,0.0012422420405209227,0.0,0.07533005725678646,0.02188124760964759,0.004376249521929517,0.0005,0.01,13596528.0,2022-12-02 00:12:11,2,2,0,0.0,0.0,0.0,0.0,0.0,,,,0.0,2,0,0.0,0.0,0,0.0,0.0,0,0.0,0.0,0,0.0,0.0,0,0.0,2022-11-02 20:53:59,10,0,10,0.0,,,,0.559135683050627,0.0559135683050627,0.029992068834423825,0.07236255,10712772.0
0xF221BABEDFebB1048b1d247321976f0B41586601,2025-10-19 11:27:23,143,20,123,0.042964550465505194,0.00214822752327526,0.0,0.0192672752327526,0.04773870768075908,0.0003881195746403177,1e-09,0.019291708423674964,17276664.0,2025-10-01 22:09:59,169,49,120,147189.97536799998,3003.8770483265303,0.0,20000.0,444000000076754.3,3700000000639.619,0.0001,444000000000000.0,18396492.0,0,146,4,0,131908.3603119999,444000000007852.44,0,0.0,444000000003976.25,0,20000.0,444000000003976.25,0,903.4819199452047,444000000003976.25,2026-03-21 11:05:23,38,0,38,0.0,,,,1.4240000000000003e-06,3.747368421052632e-08,1e-09,1e-07,1905312.0
0x96d59504fa235aB669c524fF163DCE91Edd77Db3,2026-02-11 16:33:23,58,9,49,223.1573327528298,24.795259194758867,0.0,48.30830515348866,240.90317364903294,4.916391298959856,1e-18,48.0,9143604.0,2026-02-11 17:41:59,81,53,28,1678003013331959.8,31660434213810.562,0.0,48308305153488.66,245000000002804.0,8750000000100.143,52.0,48000000000000.0,8821044.0,0,11,37,0,3200.0,1005279714309163.5,0,0.0,7000000000100.0,0,1000.0,54308305153588.66,0,290.90909090909093,36099385282189.805,,0.0,0.0,0.0,0.0,,,,0.0,,,,0.0
0x658052b5EEc56c6318C4b5033A10F98d4248dB3a,2026-05-07 16:07:11,72,48,24,1.7517335779477554,0.03649444954057824,0.0,0.86,1.7580761358532349,0.07325317232721812,1e-09,0.8706296579266174,2123004.0,2026-05-06 12:41:23,255,160,95,18662613912.371376,116641336.9523211,0.0,6171329438.671042,216000000135184.53,2273684211949.311,0.000109,216000000000000.0,2308824.0,164,0,4,238466.4696060001,0,216000000015000.0,0.0,0,216000000005000.0,14690.878122,0,216000000005000.0,1454.063839060976,0,216000000005000.0,,0.0,0.0,0.0,0.0,,,,0.0,,,,0.0
0x05F0af42ed9F88d3D68D2F2a9d4A7D28af3C5E2b,2025-06-12 11:56:23,2025,1651,374,1.259704304,0.0007629947328891581,0.0,0.5,1.6392016899999997,0.004382892219251336,0.0,0.5455119129079954,5355444.0,,0,0,0,0,,,,0,,,,0,0,0,0.0,0,0,0.0,0,0,0.0,0,0,0.0,0,0,0.0,2026-03-07 18:35:59,109,0,109,0.0,,,,1.0900000000000001e-07,1e-09,1e-09,1e-09,2427180.0
0x9149125f518a4939c8f0eCa568e9e42b96b52417,2023-08-10 18:20:47,2025,1107,918,185.0849626589454,0.16719508821946286,0.0,5.945047624725249,185.62080019979282,0.20220130740718173,0.0012355,5.35081,41849784.0,2023-10-16 20:42:11,2025,1001,1024,2259728245989261.0,2257470775214.047,0.0,2255000000000000.0,1.1034500000081984e+17,107758789063300.62,0.0005,1.08e+17,67232508.0,1339,607,77,1201325.3407659992,439823.9475620002,1.1260467980558197e+17,0.008,0.0,1.103350223909362e+17,23000.0,23750.0,1.103355425436615e+17,897.1809863823743,724.5864045502474,1.103352282984014e+17,2025-09-14 20:17:59,40,0,40,0.0,,,,0.005340037999999999,0.00013350095,1e-09,0.00267,18163164.0
0xa4dc07906094F484D03BB6225DefCcd61E185047,2026-03-16 17:32:59,556,15,541,23.406,1.5604,0.0,11.7,70.34094786000989,0.13002023634012919,0.0,11.964052548245137,6489024.0,2026-03-16 17:31:11,227,187,40,140431000574000.06,750967917508.0217,0.0,11700000000000.0,23399990918841.03,584999772971.0258,0.0001,11699995213887.008,6500628.0,120,4,20,334462.015932,12000.0,23415000379005.0,0.0,3000.0,1000189505.0,50009.270324,3000.0,11700000189505.0,2787.1834661000003,3000.0,1377353130681.4707,2026-03-18 07:58:23,50,0,50,0.0,,,,4.6400002e-07,9.2800004e-09,1e-14,1.1e-07,2302068.0
0xF4e534aF2401F8d2BD335Df651E12f41D99E41B8,2026-03-17 23:55:47,156,44,112,16.312730000000002,0.3707438636363637,0.0,4.56,16.314945098705344,0.145669152667012,1e-09,4.560848643431938,6825396.0,2026-03-21 16:31:23,66,31,35,6663680010828.0,214957419704.12903,0.0,4560000000000.0,42436803011035.055,1212480086029.573,0.00015,10000000000000.0,6508308.0,24,0,14,6254.395196,0,36000000008000.0,0.0,0,18000000001075.0,972.241304,0,18000000001075.0,260.59979983333335,0,18000000001075.0,2026-03-22 23:17:11,26,0,26,0.0,,,,8.2961697286e-08,3.190834511e-09,1e-09,4.560848643e-09,1771500.0
0x36b194C7796F4dFD780A666613B1264117e33D18,2026-04-17 10:21:11,77,40,37,8.017600000000002,0.20044000000000003,0.0,5.2662,8.126791418707757,0.21964301131642588,1e-09,5.266259686423615,4070652.0,2026-04-15 14:33:11,114,33,81,1000109692.1858,30306354.308660604,0.0,1000000000.0,46606.952067,575.394469962963,0.000143,11092.447962,4228332.0,72,29,2,60530.044792,16776.688129000002,0.004946,0.0,6.0,0.002473,24000.0,2805.3,0.002473,840.6950665555555,578.5064872068966,0.002473,2026-04-18 10:31:23,4,0,4,0.0,,,,0.2355916,0.0588979,0.02491051,0.09288529,7236.0
0xcdf976ca6d558649817966b617ba2f50e4ee9793,2026-03-09 17:13:23,12,6,6,2.1033962474,0.35056604123333335,0.0601791379,0.5446029779,2.10352226,0.35058704333333335,0.06020014,0.54462398,209028.0,2026-03-12 03:19:11,2,2,0,1089205955800.0,544602977900.0,544602977900.0,544602977900.0,0.0,,,,0.0,0,0,0.0,0,0,0.0,0,0,0.0,0,0,0.0,0,0,0.0,,0.0,0.0,0.0,0.0,,,,0.0,,,,0.0
0xbd944da5b4db7c3df39bd16eae96d44e24474bf9,2026-03-13 13:02:11,294,24,270,60.64743530016237,2.526976470840099,0.2667775079,16.102306917884135,60.64838036962637,0.2246236309986162,1e-18,16.10234892,4968204.0,2026-03-17 02:36:23,18,14,4,39729818052730.04,2837844146623.574,266777507900.0,14574901484636.0,2000000000200.0,500000000050.0,100.0,1000000000000.0,4330344.0,0,0,4,0,0,2000000000200.0,0,0,1000000000100.0,0,0,1000000000100.0,0,0,1000000000100.0,,0.0,0.0,0.0,0.0,,,,0.0,,,,0.0
0x202576d61d55dd38abb3Cccdc203aBdE8BC309eC,2026-05-02 15:27:35,50,24,26,23.848950000000002,0.9937062500000001,0.01,3.81,21.5236277842198,0.8278318378546078,1e-09,3.81,3042684.0,2026-05-18 23:27:59,8,6,2,2524950000000.0,420825000000.0,49000000000.0,1157975000000.0,10000.0,5000.0,5000.0,5000.0,1633920.0,0,0,2,0,0,10000.0,0,0,5000.0,0,0,5000.0,0,0,5000.0,2026-05-18 19:02:23,2,0,2,0.0,,,,2.374534,1.187267,1.187267,1.187267,0.0
0xd0aC9367Cd1fb4Ba0fD3781410a712a1D048263e,2026-05-26 12:26:35,8,2,6,0.0,0.0,0.0,0.0,0.020000201999999998,0.003333367,1e-09,0.01,285300.0,2026-05-18 13:10:11,26,6,20,399.96,66.66,0.0,99.99,171507.486192,8575.3743096,9.9e-05,22775.0,957924.0,0,24,0.0,0,171707.466192,0.0,0,0.0,0.0,0,22775.0,0.0,0,7154.477758,0.0,,0.0,0.0,0.0,0.0,,,,0.0,,,,0.0
0x30e4aa3C47496DAE1ac5034cBc31c40057195ce7,2026-03-07 20:10:59,12,10,2,71.3695351472131,7.13695351472131,0.0,35.6799,0.01,0.005,0.005,0.005,4388892.0,2026-03-07 20:11:23,32,22,10,698666.4779940001,31757.56718154546,0.0,69824.714869,10000140268.75904,1000014026.8759041,100.0,5000000000.0,1941288.0,20,4,2,559016.37756,420.0,200.0,0.0,105.0,100.0,69824.714869,105.0,100.0,27950.818878000002,105.0,100.0,2026-03-07 19:58:47,2,0,2,0,,,,71.3599281,35.67996405,35.67996405,35.67996405,0.0
0xb62DF968659b74BBD7EDB8b410252eDE5197e8fa,2026-05-08 13:35:59,10,6,4,0.0,0.0,0.0,0.0,0.000512584330318328,0.000128146082579582,1e-09,0.000256291165159164,1834308.0,2026-05-08 10:34:35,58,37,21,23850.568696,644.6099647567568,0.0,2447.0,24703.001883999998,1176.333423047619,0.000244,1856.0,1485816.0,0,46,0.0,0,32909.57058,0.0,0,0.0,0.0,0,2447.0,0.0,0,715.4254473913044,0.0,,0.0,0.0,0.0,0.0,,,,0.0,,,,0.0
0x01109a92979c9ccf924b460aaf3184ed699be1e5,2026-05-18 20:58:23,8,6,2,0.005265927594488598,0.0008776545990814331,0.0,0.002632963797244299,0.005334450724918436,0.002667225362459218,0.002667225362459218,0.002667225362459218,1248.0,2026-05-15 02:52:23,4,2,2,92124.0,46062.0,46062.0,46062.0,92124.0,46062.0,46062.0,46062.0,324576.0,0,4,0.0,0,184248.0,0.0,0,46062.0,0.0,0,46062.0,0.0,0,46062.0,0.0,,0.0,0.0,0.0,0.0,,,,0.0,,,,0.0
0x9451c1195f643BfED58Ca80f495070fC9175AfEB,2025-09-26 19:12:59,181,95,86,62.19840257611667,0.6547200271170176,0.008689857092130252,10.498543133818835,61.774736702262196,0.7183108918867697,7.292384995737e-06,10.499438550089348,19198404.0,2025-09-30 22:53:35,44,20,24,786958000000.0,39347900000.0,9492000000.0,95636000000.0,21443050768899.414,893460448704.1422,100.0,2000000000000.0,17872608.0,0,0,16,0,0,20000000000200.0,0,0,10000000000100.0,0,0,10000000000100.0,0,0,10000000000100.0,2025-09-27 09:58:23,6,0,6,0.0,,,,1.84548,0.30758,0.069526,0.768333,14718072.0
0xf3bc06f95f3e662dd08ed6269a940e9efb087702,2026-01-07 00:50:35,69,42,27,0.0006707682014000001,1.5970671461904762e-05,0.0,9.50945085e-05,0.0022402159999999993,8.297096296296294e-05,8.0008e-05,0.000160008,5353128.0,2026-01-06 23:06:23,76,40,36,50467.62400900001,1261.6906002250003,0.0,5360.0,39430.114009000004,1095.2809446944445,0.003316,5360.0,4939860.0,74,0,0.0,80222.22801800001,0,0.0,0.0,0,0.0,5360.0,0,0.0,1084.0841624054056,0,0.0,,0.0,0.0,0.0,0.0,,,,0.0,,,,0.0
0x3D3F274Fb84DA96FFA9377a080f388E8021f3188,,0.0,0.0,0.0,0.0,,,,0.0,,,,0.0,,0,0,0,0,,,,0,,,,0,0,0,0.0,0,0,0.0,0,0,0.0,0,0,0.0,0,0,0.0,,0.0,0.0,0.0,0.0,,,,0.0,,,,0.0
0x9430801EBAf509Ad49202aaBc5F5bc6fD8a3Daf8,2021-07-14 06:24:31,2025,2021,4,100.00199999999646,0.04948144482929068,0.014,0.05,152.3858,38.09645,1.1964,99.9965,3662203.0,2023-09-10 10:34:23,515,242,273,1992500000000.0,8233471074.380165,3000000000.0,40000000000.0,1.5513600213411638e+17,568263744081012.4,0.0001,4.6717e+16,86451768.0,8,0,503,771.730478,0,1.3880999463411685e+17,0.01,0,7.557586911360085e+16,385.790239,0,7.558091011349584e+16,96.46630975,0,7.557837815848611e+16,2022-10-25 11:02:11,2,0,2,0.0,,,,0.00862682,0.00431341,0.00431341,0.00431341,0.0
0x743A308427b63781f5a792d7bDdcD83F0e014f8B,2023-05-04 08:40:59,26,22,4,0.0,0.0,0.0,0.0,0.093,0.02325,0.02,0.0265,1722744.0,,0,0,0,0,,,,0,,,,0,0,0,0.0,0,0,0.0,0,0,0.0,0,0,0.0,0,0,0.0,,0.0,0.0,0.0,0.0,,,,0.0,,,,0.0
0x06f72274342A0452ACBa992368ff6E6DF8797A6F,,0.0,0.0,0.0,0.0,,,,0.0,,,,0.0,,0,0,0,0,,,,0,,,,0,0,0,0.0,0,0,0.0,0,0,0.0,0,0,0.0,0,0,0.0,,0.0,0.0,0.0,0.0,,,,0.0,,,,0.0
0x417770E492CF10B5d213aDd0B9483BA2ADb90DeF,2026-03-05 13:23:59,188,175,13,0.0,0.0,0.0,0.0,0.03853456146550519,0.0029641970358080917,1e-09,0.0192672752327526,8145168.0,2026-03-05 13:24:47,525,443,82,33568.960581,75.7764347200903,0.0,1261.0,18038534576455.46,219982128981.16415,0.0001,10000000000000.0,8148528.0,0,297,4,0,29991.158731,18000000005100.0,0,0.0,18000000005100.0,0,2000.0,18000000005100.0,0,100.98033242760943,18000000005100.0,2026-03-17 20:59:23,53,0,53,0.0,,,,5.300000000000001e-08,1.0000000000000003e-09,1e-09,1e-09,2562156.0
